"date","unyo","bus_no"
"20260902","大野城市循環バス線③月","21"
"20260902","大野城市循環バス線⑤月","23"
"20260902","大野城市循環バス線①月","24"
"20260902","大野城市循環バス線②月","26"
"20260902","福岡BRT線①那","0103"
"20260902","福岡・福岡空港～日田線②H","404"
"20260902","福岡・福岡空港～日田線①H","423"
"20260902","福岡・福岡空港～湯布院線①H","425"
"20260902","福岡・福岡空港～黒川温泉線①H","426"
"20260902","☆小倉 - 黒崎・折尾線①小","0202"
"20260902","☆小倉 - 黒崎・折尾線②小","0203"
"20260902","☆恒見 - 小倉線①恒","0219"
"20260902","☆恒見 - 小倉線②恒","0220"
"20260902","久留米 - 大牟田線②京","2003"
"20260902","行橋～福岡線①行","2013"
"20260902","行橋～福岡線④行","2014"
"20260902","佐賀～福岡空港線①佐","2015"
"20260902","佐賀～福岡空港線⑤佐T","2016"
"20260902","福岡空港-久留米線①京","2018"
"20260902","福岡～小倉線①北","2019"
"20260902","福岡・福岡空港～佐世保線③博T","2023"
"20260902","福岡・福岡空港～佐世保線④博T","2024"
"20260902","福岡・福岡空港～佐世保線②博T","2025"
"20260902","福岡・福岡空港～佐世保線⑤博T","2026"
"20260902","長住～天神線④桧","2033"
"20260902","早良（城南）博多駅⑦早","2036"
"20260902","宇美線③宇","2037"
"20260902","宇美線②宇","2038"
"20260902","南福岡線⑤宇T","2103"
"20260902","南福岡線④宇T","2107"
"20260902","春日原線①那","2108"
"20260902","春日原線③那","2109"
"20260902","那珂川フィーダー線⑤那","2110"
"20260902","諸岡線⑧竹","2112"
"20260902","直方～鞍手～遠賀線①直","2113"
"20260902","久留米 - 鳥栖線②鳥","2115"
"20260902","星ヶ丘線②原","2117"
"20260902","草野線②吉","2119"
"20260902","甘木幹線③杷","2131"
"20260902","沖新線①川","2264"
"20260902","吉野線④牟","2266"
"20260902","星ヶ丘線①原","2267"
"20260902","大善寺線①川","2268"
"20260902","沖新線②川","2269"
"20260902","玄海～東郷線①赤","2270"
"20260902","上西山線①原","2271"
"20260902","碓井線①飯","2272"
"20260902","直方～鞍手～遠賀線②直","2273"
"20260902","河内線①鳥","2274"
"20260902","米の山・黒崎団地線②牟","2275"
"20260902","吉野線③牟","2277"
"20260902","麓線①鳥","2278"
"20260902","鳥栖 - 神埼線①鳥","2350"
"20260902","小竹・天道線①飯","2355"
"20260902","飯塚 - 大隈線②飯","2356"
"20260902","直方～鞍手～遠賀線③直","2357"
"20260902","屋形原線⑯那","2401"
"20260902","甘木幹線④甘","2402"
"20260902","春日原線①月","2403"
"20260902","甘木幹線③甘","2407"
"20260902","香椎浜～博多駅線⑤ア","2408"
"20260902","竹下～長浜線①も","2412"
"20260902","竹下～長浜線②も","2413"
"20260902","野間～天神線⑦柏","2414"
"20260902","多々良・八田線⑨土","2415"
"20260902","野間～天神線②柏","2419"
"20260902","西新（城南）九大線③も","2420"
"20260902","長住～博多駅線⑤桧","2421"
"20260902","直方 ・ 黒崎線①直","2424"
"20260902","飯塚 - 大隈線③飯","2426"
"20260902","久留米 - 鳥栖線①鳥","2430"
"20260902","頓野線①直","2434"
"20260902","赤間（急行）福岡線①赤","2504"
"20260902","二日市線④原","2510"
"20260902","上官（大牟田）線①牟","2511"
"20260902","草野線①吉","2512"
"20260902","二日市線⑤原","2515"
"20260902","大谷線・大谷（大蔵）線①戸","2518"
"20260902","鳴水（八幡駅）線①幡","2521"
"20260902","大谷線・大谷（大蔵）線②戸","2523"
"20260902","大谷線・大谷（大蔵）線⑤戸","2524"
"20260902","蒲生線③谷","2527"
"20260902","大橋～福翔線(25)那","2530"
"20260902","みどりヶ丘線⑦土","2534"
"20260902","多々良・八田線①土","2535"
"20260902","香椎浜～博多駅線①ア","2604"
"20260902","南福岡線②宇","2609"
"20260902","四王寺坂線⑤宇","2610"
"20260902","恒見 - 小倉線(22)恒T","2613"
"20260902","小倉（中原）戸畑線⑤戸","2615"
"20260902","大橋～福翔線⑭那","2666"
"20260902","甘木（都市高速）博多駅線⑮甘T","2667"
"20260902","竹下～長浜線②竹","2676"
"20260902","姪浜フィーダー線④壱","2677"
"20260902","室住線①壱","2679"
"20260902","野方（都市高速）博多線④壱","2680"
"20260902","大橋～福翔線⑨那","2681"
"20260902","大橋～福翔線⑩那","2682"
"20260902","大橋～福翔線⑮那","2683"
"20260902","大橋～福翔線⑪那","2684"
"20260902","大橋～福翔線⑳那","2685"
"20260902","恒見 - 小倉線⑧恒","2688"
"20260902","森林都市線②赤","2692"
"20260902","江見線③佐T","2693"
"20260902","神埼線②御","2701"
"20260902","霧丘 - 小倉駅線①小","2710"
"20260902","門司 - 戸畑線①門","2711"
"20260902","門司 - 戸畑線⑪門","2712"
"20260902","大谷線・大谷（大蔵）線③戸","2718"
"20260902","蒲生線①谷","2719"
"20260902","蒲生線②谷","2720"
"20260902","油山（快速）博多駅線④片","2722"
"20260902","片江（城南）博多駅線⑤片","2723"
"20260902","シーサイドももち線⑳愛","2728"
"20260902","西新（城南）九大線②愛","2731"
"20260902","屋形原線⑰那","2734"
"20260902","屋形原線⑩那","2735"
"20260902","大橋～福翔線⑤那","2736"
"20260902","大橋～福翔線⑥那","2739"
"20260902","油山（快速）博多駅線③桧T","2741"
"20260902","小嶺 - 戸畑・若松線①戸","2750"
"20260902","小嶺 - 戸畑・若松線②戸","2754"
"20260902","黒崎・戸畑 - 砂津線①幡","2757"
"20260902","門司 - 戸畑線(27)門T","2759"
"20260902","黒原 - 戸畑線②戸","2761"
"20260902","黒原 - 戸畑線①戸","2762"
"20260902","福岡～熊本線(28)高T","2769"
"20260902","西新（城南）九大線⑤も","2770"
"20260902","渡辺通幹線①も","2771"
"20260902","渡辺通幹線②も","2773"
"20260902","大橋～福翔線(36)那T","2775"
"20260902","那珂川フィーダー線④那","2776"
"20260902","渡辺通幹線③那","2779"
"20260902","渡辺通幹線⑫那T","2780"
"20260902","渡辺通幹線⑦那","2781"
"20260902","渡辺通幹線⑥那","2783"
"20260902","渡辺通幹線⑤那","2785"
"20260902","那珂川フィーダー線⑲那T","2786"
"20260902","渡辺通幹線④那","2788"
"20260902","那珂川フィーダー線⑫那","2790"
"20260902","金武線①武","2791"
"20260902","油山線④片","2796"
"20260902","大牟田市内線⑤牟T","2798"
"20260902","直方 ・ 黒崎線②直","2801"
"20260902","飯塚市内線①飯","2804"
"20260902","上山田線①飯","2807"
"20260902","弥生が丘線①鳥","2808"
"20260902","大牟田市内線①牟","2810"
"20260902","吉野線②牟","2811"
"20260902","羽犬塚線①川","2813"
"20260902","片江（城南）博多駅線①片","2830"
"20260902","門司 - 戸畑線③門","2832"
"20260902","門司 - 戸畑線⑮門","2834"
"20260902","門司駅～山田線②谷","2835"
"20260902","門司駅～山田線③谷","2836"
"20260902","恒見フィーダー線①恒","2841"
"20260902","大里線④恒","2844"
"20260902","大谷線・大谷（大蔵）線④戸","2845"
"20260902","上重田線①小","2853"
"20260902","小嶺 - 戸畑・若松線⑤香","2854"
"20260902","馬場山～大平線③香","2855"
"20260902","馬場山～大平線②香","2856"
"20260902","小嶺 - 戸畑・若松線②香","2857"
"20260902","門司駅～山田線①恒","2860"
"20260902","恒見 - 小倉線⑲恒T","2861"
"20260902","小竹・天道線②飯","2868"
"20260902","古賀市内線①舞","2871"
"20260902","古賀市内線②舞","2872"
"20260902","飯塚 - 大隈線①飯","2874"
"20260902","福重（都市高速）線②壱","2876"
"20260902","室住線②壱","2877"
"20260902","金武線②武","2881"
"20260902","金武（城南）博多駅線②武","2882"
"20260902","門司駅～山田線①谷","2906"
"20260902","門司駅～山田線⑤谷","2907"
"20260902","恒見 - 小倉線⑩恒","2909"
"20260902","志井線⑧谷","2911"
"20260902","中間線②香","2915"
"20260902","板付線②竹","2920"
"20260902","片江（長住）博多駅線③片","2925"
"20260902","屋形原線⑤那","2929"
"20260902","大橋～福翔線(37)那T","2930"
"20260902","春日原線②那","2932"
"20260902","野方（都市高速）博多線⑪壱","2934"
"20260902","室住線④壱","2937"
"20260902","則松循環線④香","2943"
"20260902","中間線①香","2944"
"20260902","古賀市内線③舞","2958"
"20260902","北野線①御","2962"
"20260902","門司港ローカル線②門","2967"
"20260902","馬場山～大平線⑧香","2969"
"20260902","則松循環線②香","2970"
"20260902","大里線②恒","2972"
"20260902","福岡～熊本線④高","2975"
"20260902","今町・若園線①谷","2979"
"20260902","今町・若園線③谷","2980"
"20260902","今町・若園線④谷","2981"
"20260902","今町・若園線⑤谷","2982"
"20260902","佐賀～福岡線③佐","1005"
"20260902","佐賀～福岡線④佐","1007"
"20260902","福岡・福岡空港～日田線③日","1010"
"20260902","油山線⑩片","1020"
"20260902","油山線⑥片","1021"
"20260902","西新（城南）九大線⑤塚","1022"
"20260902","シーサイドももち線⑧愛","1028"
"20260902","西新（城南）九大線④愛","1030"
"20260902","香椎浜～天神線⑤ア","1039"
"20260902","四王寺坂線①宇","1040"
"20260902","宇美線①宇","1043"
"20260902","門司港ローカル線①恒","1048"
"20260902","小倉 - 黒崎・折尾線①幡","1050"
"20260902","鞘ヶ谷 - 大谷池線①小","1051"
"20260902","門司 - 戸畑線②戸","1055"
"20260902","折尾 - 小嶺線②香","1073"
"20260902","志井線⑱谷T","1074"
"20260902","霧丘 - 小倉駅線⑥小T","1075"
"20260902","小倉～北九州空港線⑧北T","1077"
"20260902","小倉～北九州空港線①北","1078"
"20260902","福岡～熊本線①高","1080"
"20260902","宇美線⑭宇","1088"
"20260902","宇美線⑰宇","1089"
"20260902","南福岡線①竹","1092"
"20260902","金武線①塚","1093"
"20260902","野方（都市高速）博多線①塚","1094"
"20260902","油山（快速）博多駅線③片","1095"
"20260902","香椎浜～博多駅線③ア","1099"
"20260902","志賀島線⑦ア","1100"
"20260902","小倉（中原）戸畑線④戸","1104"
"20260902","小倉 (井堀) 戸畑線③戸","1105"
"20260902","折尾 - 小嶺線①香","1107"
"20260902","小倉 - 黒崎線⑥小T","1108"
"20260902","恒見(都市高速)小倉線①恒","1111"
"20260902","恒見 - 小倉線⑬恒","1112"
"20260902","佐賀～福岡線①博","1121"
"20260902","福岡・福岡空港～日田線②日","1126"
"20260902","志賀島線①ア","1127"
"20260902","金武線③塚","1129"
"20260902","志賀島線⑧ア","1132"
"20260902","香椎浜～天神線⑭アT","1138"
"20260902","甘木（都市高速）博多駅線②甘","1140"
"20260902","門司 - 戸畑線③戸","1157"
"20260902","小嶺 - 戸畑・若松線③香","1159"
"20260902","小倉 - 黒崎線①幡","1161"
"20260902","志井線⑤谷","1163"
"20260902","志井線⑩谷","1164"
"20260902","福岡～熊本線②高","1167"
"20260902","福岡～熊本線③高","1168"
"20260902","行橋～福岡線②行","1185"
"20260902","行橋～福岡線③行","1186"
"20260902","小倉～北九州空港線③北","1187"
"20260902","長野 - 小倉線①弥","1189"
"20260902","大里線①恒","1190"
"20260902","馬場山～大平線①香","1192"
"20260902","馬場山～大平線⑨香","1194"
"20260902","門司 - 戸畑線⑤戸","1195"
"20260902","恒見 - 小倉線⑦恒","1196"
"20260902","門司港ローカル線③門","1238"
"20260902","門司港ローカル線①門","1239"
"20260902","小倉 - 黒崎・折尾線⑤幡","1241"
"20260902","長野 - 小倉線③弥","1243"
"20260902","今町・若園線②谷","1245"
"20260902","佐賀～福岡線⑤佐","1248"
"20260902","野間快速線①桧","1251"
"20260902","桧原（小笹）博多駅線②博","1252"
"20260902","渡辺通幹線②那","1254"
"20260902","渡辺通幹線①那","1255"
"20260902","渡辺通幹線⑨那","1256"
"20260902","博多駅～西新線②も","1257"
"20260902","西新（城南）九大線⑧も","1259"
"20260902","シーサイドももち線⑪愛","1260"
"20260902","西新（城南）九大線①愛","1261"
"20260902","シーサイドももち線⑫愛","1262"
"20260902","タワー（天神）貝塚線①も","1266"
"20260902","油山線①片","1267"
"20260902","小倉 (井堀) 戸畑線①戸","1276"
"20260902","霧丘 - 小倉駅線③小","1277"
"20260902","恒見 - 小倉線②恒","1279"
"20260902","折尾 - 小嶺線③香","1280"
"20260902","小倉 - 黒崎・折尾線⑤香","1281"
"20260902","大橋～福翔線②那","1297"
"20260902","志賀島線③ア","1298"
"20260902","香椎浜～天神線②ア","1299"
"20260902","志賀島線⑨ア","1301"
"20260902","黒崎・戸畑 - 砂津線③小","1304"
"20260902","小倉 - 黒崎線②小","1305"
"20260902","恒見 - 小倉線⑥恒","1308"
"20260902","福岡～宮崎線⑧高T","1337"
"20260902","福岡～鹿児島線①高T","1338"
"20260902","西新（城南）九大線②も","1340"
"20260902","野方（都市高速）博多線⑦壱","1343"
"20260902","大橋～福翔線③那","1345"
"20260902","大橋～福翔線⑰那","1346"
"20260902","小倉 - 黒崎線①小","1352"
"20260902","小倉 - 黒崎線⑤小T","1353"
"20260902","貫 (都市高速) 小倉線①弥","1354"
"20260902","門司 - 戸畑線⑦門","1355"
"20260902","久留米市内線①京","1440"
"20260902","久留米市内線②京","1443"
"20260902","荒江線①早","1451"
"20260902","竹下～長浜線③も","1454"
"20260902","みどりヶ丘線(27)土T","1456"
"20260902","みどりヶ丘線⑤土","1457"
"20260902","多々良・八田線⑤土","1459"
"20260902","筑豊（特急）福岡線①高","1461"
"20260902","福大線③片","1801"
"20260902","油山（快速）博多駅線①片","1802"
"20260902","宇美線④宇","1803"
"20260902","宇美線⑬宇","1804"
"20260902","宇美線⑩宇","1805"
"20260902","板付団地線⑨竹T","1810"
"20260902","板付団地線③竹","1811"
"20260902","板付団地線②竹","1812"
"20260902","香椎線②ア","1815"
"20260902","シーサイドももち線⑬愛","1818"
"20260902","みどりヶ丘線②土","1820"
"20260902","みどりヶ丘線③土","1821"
"20260902","貫 (都市高速) 小倉線③弥","1826"
"20260902","福岡～宮崎線⑨高T","1905"
"20260902","福岡～熊本線(25)高T","1906"
"20260902","福岡～熊本線⑥高","1907"
"20260902","福岡～熊本線⑲高T","1908"
"20260902","小倉～北九州空港線②北","1912"
"20260902","那珂川フィーダー線②那","1914"
"20260902","那珂川フィーダー線⑨那","1915"
"20260902","脇山線⑭早","1917"
"20260902","賀茂～藤崎線①早","1918"
"20260902","長住～天神線②桧","1920"
"20260902","脇山線①博","1921"
"20260902","脇山線②博","1922"
"20260902","志賀島島内線①ア","1923"
"20260902","香椎浜～博多駅線⑪アT","4502"
"20260902","金武線(25)武T","4603"
"20260902","早良（城南）博多駅⑥早","4605"
"20260902","早良（城南）博多駅⑧早","4606"
"20260902","福大線⑤片","4608"
"20260902","桧原（小笹）博多駅線⑩桧T","4609"
"20260902","小笹・小笹団地線②桧","4610"
"20260902","恒見(都市高速)小倉線②恒","4611"
"20260902","恒見 - 小倉線①恒","4612"
"20260902","新八田線①土","3633"
"20260902","みどりヶ丘線⑯土","3635"
"20260902","宇美線⑤宇","3640"
"20260902","赤間（普通）線①高","3647"
"20260902","脇山線⑯早","3648"
"20260902","脇山線⑨早","3650"
"20260902","三軒屋線③武","3653"
"20260902","三軒屋線⑤武","3654"
"20260902","金武（城南）博多駅線①武","3655"
"20260902","香椎浜～天神線①ア","3656"
"20260902","渡辺通幹線①高","3657"
"20260902","野間快速線⑧桧","3659"
"20260902","野間快速線④桧","3660"
"20260902","片江（長住）博多駅線①片","3662"
"20260902","小倉 - 黒崎・折尾線①香","3666"
"20260902","馬場山～大平線⑥香","3668"
"20260902","筑豊（特急）福岡線②田","4704"
"20260902","筑豊（特急）福岡線⑥田","4723"
"20260902","福岡～小倉線④北","4724"
"20260902","福岡～小倉線⑤北","4726"
"20260902","福岡～大分線①高","4733"
"20260902","小笹・小笹団地線⑧柏","4834"
"20260902","小笹～天神線①片","4840"
"20260902","須恵線④宇T","4844"
"20260902","空港循環線⑤宇T","4845"
"20260902","福岡～小倉線②博","4855"
"20260902","筑豊（特急）福岡線②高","4859"
"20260902","志賀島線⑬ア","4863"
"20260902","志賀島線④ア","4864"
"20260902","志賀島線②ア","4865"
"20260902","野間快速線①柏","4867"
"20260902","香椎浜～博多駅線⑥ア","4868"
"20260902","三軒屋線②武","4869"
"20260902","小笹・小笹団地線⑭柏","4871"
"20260902","福岡・福岡空港～日田線①日","4878"
"20260902","福岡～小倉線⑦博T","4905"
"20260902","福岡～小倉線⑨博T","4908"
"20260902","小笹・小笹団地線⑦柏","4910"
"20260902","脇山線⑪早","4912"
"20260902","宇美線⑦宇","4920"
"20260902","宇美線⑨宇","4921"
"20260902","小笹・小笹団地線⑤柏","4926"
"20260902","脇山線②早","4933"
"20260902","片江（長住）博多駅線②片","4941"
"20260902","福岡～小倉線①博","3016"
"20260902","福岡～小倉線③博","3017"
"20260902","福岡～小倉線⑧博T","3018"
"20260902","福岡～小倉線⑦北","3020"
"20260902","福岡～小倉線⑧北","3021"
"20260902","貫 (都市高速) 小倉線②弥","3025"
"20260902","小笹・小笹団地線⑩柏","3035"
"20260902","野間～天神線④桧","3037"
"20260902","福岡～熊本線⑤高","3043"
"20260902","筑豊（特急）福岡線①飯","3047"
"20260902","福岡～小倉線⑨北","3048"
"20260902","桧原（城南）博多駅線③桧","3053"
"20260902","野間快速線⑤桧","3054"
"20260902","小笹・小笹団地線①桧","3056"
"20260902","野間～天神線①柏","3058"
"20260902","小笹・小笹団地線⑰柏","3059"
"20260902","アイランドシティ～千早線①ア","3063"
"20260902","香椎浜～天神線③ア","3064"
"20260902","宇美線⑪宇","3065"
"20260902","宇美線⑫宇","3066"
"20260902","新八田線⑧土","3067"
"20260902","姪浜フィーダー線①武","3069"
"20260902","油山（快速）博多駅線①桧","3125"
"20260902","金武線⑦武","3126"
"20260902","金武線⑨武","3128"
"20260902","志賀島線⑮ア","3132"
"20260902","福岡～鹿児島線②高T","3146"
"20260902","福岡～熊本線(21)高T","3147"
"20260902","福岡～熊本線(24)高T","3151"
"20260902","福岡～小倉線⑥博T","3154"
"20260902","福岡～小倉線⑬北","3157"
"20260902","筑豊（特急）福岡線⑤田","3201"
"20260902","宇美線⑧宇","3207"
"20260902","小笹・小笹団地線③柏","3208"
"20260902","脇山線(40)早T","3209"
"20260902","野間快速線⑧柏","3223"
"20260902","桧原（小笹）博多駅線①桧","3225"
"20260902","タワー（天神）貝塚線②塚","3226"
"20260902","油山（快速）博多駅線②片","3270"
"20260902","桧原（小笹）博多駅線⑪桧T","3271"
"20260902","桧原（城南）博多駅線②桧","3272"
"20260902","香椎浜～天神線⑥ア","3275"
"20260902","福岡・福岡空港～別府線①亀","3278"
"20260902","小倉 - 黒崎・折尾線⑥香","3289"
"20260902","小笹・小笹団地線②柏","3290"
"20260902","野間～天神線⑤柏","3292"
"20260902","野間快速線⑥桧","3293"
"20260902","早良（城南）博多駅①早","3296"
"20260902","赤間（普通）線②高","3297"
"20260902","宇美線⑯宇","3298"
"20260902","福岡～小倉線⑩北","3331"
"20260902","筑豊（特急）福岡線③田","3334"
"20260902","馬場山～大平線④香","3337"
"20260902","福岡～熊本線⑳高T","3341"
"20260902","福岡～熊本線(22)高T","3346"
"20260902","三軒屋線⑦武","3422"
"20260902","三軒屋線①武","3423"
"20260902","宇美線⑥宇","3430"
"20260902","福岡～小倉線②北","3434"
"20260902","福岡～小倉線③北","3435"
"20260902","福岡～小倉線⑥北","3439"
"20260902","野間快速線②桧","3701"
"20260902","金武線②塚","3702"
"20260902","香椎浜～博多駅線⑦ア","3704"
"20260902","野間快速線②柏","3709"
"20260902","小倉（中原）戸畑線②戸","5829"
"20260902","小倉（中原）戸畑線①戸","5830"
"20260902","門司 - 戸畑線⑥戸","5832"
"20260902","大川線①土","5839"
"20260902","篠栗線（篠）①土","5841"
"20260902","篠栗線（篠）②土","5846"
"20260902","二日市線②原","5850"
"20260902","久留米吉井線④吉","5861"
"20260902","香椎浜～天神線④ア","5871"
"20260902","飯塚市内線⑨飯T","5878"
"20260902","飯塚市内線④飯","5882"
"20260902","飯塚市内線⑩飯T","5883"
"20260902","甘木幹線⑦甘","5886"
"20260902","昭代～天神線①愛","9001"
"20260902","津屋崎～福間線①赤","9006"
"20260902","津屋崎～福間線③赤","9007"
"20260902","赤間（普通）線①赤","9010"
"20260902","志井線⑨谷","9011"
"20260902","小倉（中原）戸畑線①弥","9014"
"20260902","貫 - 小倉線①弥","9015"
"20260902","志井線①谷","9016"
"20260902","志井線②谷","9017"
"20260902","志井線③谷","9018"
"20260902","小嶺 - 戸畑・若松線①香","9022"
"20260902","志井線⑬谷","9023"
"20260902","志井線⑥谷","9024"
"20260902","志井線⑪谷","9027"
"20260902","門司 - 戸畑線⑫門","9028"
"20260902","姪浜フィーダー線③壱","9029"
"20260902","屋形原線⑫那","9032"
"20260902","久留米吉井線①吉","9053"
"20260902","屋形原線④那","9054"
"20260902","福島線⑤八","9056"
"20260902","久留米吉井線②吉","9057"
"20260902","小嶺 - 戸畑・若松線⑥香","9058"
"20260902","南ヶ丘線②月","9059"
"20260902","南ヶ丘線③月","9060"
"20260902","南ヶ丘線①月","9061"
"20260902","甘木幹線⑤甘","9063"
"20260902","甘木幹線②甘","9064"
"20260902","金武（城南）博多駅線③武","9065"
"20260902","脇山線④早","9067"
"20260902","久留米市内線②御","9070"
"20260902","津屋崎～福間線②赤","9072"
"20260902","長住～博多駅線③桧","9075"
"20260902","福大線④片","9079"
"20260902","久留米市内線⑭御T","9081"
"20260902","福大線①片","9087"
"20260902","佐賀 - 柳川線⑦川T","9088"
"20260902","小嶺 - 戸畑・若松線④香","9089"
"20260902","馬場山～大平線⑫香T","9090"
"20260902","屋形原線②那","9091"
"20260902","福島線⑩八","9102"
"20260902","森林都市線③赤","9118"
"20260902","森林都市線④赤","9120"
"20260902","荒江線②早","9123"
"20260902","荒江線③早","9124"
"20260902","香椎浜～天神線⑨ア","9125"
"20260902","屋形原線⑦那","9127"
"20260902","神埼線①鳥","9136"
"20260902","竹下～長浜線①竹","9138"
"20260902","諸岡線(24)竹T","9140"
"20260902","福島線⑥八","9141"
"20260902","福島線⑧八","9143"
"20260902","野間～天神線⑥柏","9205"
"20260902","空港循環線②宇","9206"
"20260902","茶山線③片","9208"
"20260902","空港循環線①宇","9210"
"20260902","姪浜フィーダー線②武T","9212"
"20260902","篠栗線（篠）③土","9215"
"20260902","飯塚市内線②飯","9217"
"20260902","久留米 - 大牟田線③京","9219"
"20260902","久留米 - 大牟田線④京","9220"
"20260902","小倉 - 黒崎・折尾線④幡","9221"
"20260902","黒原 - 戸畑線①小","9222"
"20260902","小倉 (井堀) 戸畑線③小","9223"
"20260902","小倉 - 黒崎・折尾線④小T","9226"
"20260902","小倉 - 黒崎・折尾線⑮幡T","9227"
"20260902","小倉 - 黒崎・折尾線③幡","9228"
"20260902","黒崎・戸畑 - 砂津線⑥幡","9229"
"20260902","小倉 - 黒崎線②幡","9231"
"20260902","黒崎・戸畑 - 砂津線③幡","9232"
"20260902","西団地 - 萩原線①幡","9233"
"20260902","西団地 - 萩原線③幡","9234"
"20260902","黒崎・戸畑 - 砂津線②幡","9236"
"20260902","屋形原線(35)那T","9263"
"20260902","脇山線⑤早","9266"
"20260902","南ヶ丘線⑤月","9268"
"20260902","福島線①八","9269"
"20260902","多々良・八田線③土","9274"
"20260902","アイランドシティ～千早線④ア","9280"
"20260902","金武（城南）博多駅線④武","9284"
"20260902","脇山線⑧早","9300"
"20260902","屋形原線⑨那","9303"
"20260902","竹下～長浜線④も","9307"
"20260902","桧原（小笹）博多駅線①も","9309"
"20260902","屋形原線①那","9311"
"20260902","久留米吉井線⑤吉","9319"
"20260902","多々良・八田線⑥土","9322"
"20260902","香椎線⑤ア","9327"
"20260902","久留米吉井線⑦吉","9329"
"20260902","甘木幹線①甘","9330"
"20260902","福島線⑦八","9331"
"20260902","福島線⑬八","9332"
"20260902","福大病院（外環状）線①片","9334"
"20260902","福島線⑪八","9336"
"20260902","四王寺坂線③宇","9338"
"20260902","久留米吉井線③吉","9340"
"20260902","春日～大橋線①月","9343"
"20260902","久留米吉井線⑥吉","9344"
"20260902","福島線②八","9346"
"20260902","小倉 - 黒崎・折尾線⑯幡T","9350"
"20260902","小倉 - 黒崎・折尾線②幡","9351"
"20260902","小倉 - 黒崎・折尾線⑥小T","9353"
"20260902","国分線⑧御T","9371"
"20260902","小倉 - 黒崎・折尾線⑦幡","9413"
"20260902","野方（都市高速）博多線②壱","9425"
"20260902","福島線⑨八","9428"
"20260902","福島線④八","9429"
"20260902","佐賀 - 柳川線②川","9430"
"20260902","春日～大橋線②那","9432"
"20260902","博多駅～西新線①博","9435"
"20260902","香椎線①ア","9437"
"20260902","脇山線①早","9450"
"20260902","小倉 - 黒崎線④小T","9451"
"20260902","脇山線⑮早","9452"
"20260902","小倉 - 黒崎線⑥幡","9454"
"20260902","脇山線③早","9455"
"20260902","早良（城南）博多駅③早","9456"
"20260902","アイランドシティ～千早線⑤ア","9458"
"20260902","桧原（城南）博多駅線①桧","9459"
"20260902","春日～大橋線③那","9463"
"20260902","西新（城南）九大線⑥塚","9465"
"20260902","赤間（普通）線③赤","9467"
"20260902","野方（都市高速）博多線⑥壱","9470"
"20260902","久留米市内線⑨御","9475"
"20260902","諸岡線⑩竹","9476"
"20260902","志井線⑦谷","9477"
"20260902","博多駅～西新線①塚","9484"
"20260902","黒崎・戸畑 - 砂津線①小","9488"
"20260902","小倉 - 黒崎・折尾線⑦小T","9490"
"20260902","福大線②片","9496"
"20260902","神埼線①佐","9500"
"20260902","神埼線③佐","9502"
"20260902","須恵線①宇","9505"
"20260902","須恵線②宇","9508"
"20260902","早良（城南）博多駅④早","9510"
"20260902","みどりヶ丘線⑫土","9513"
"20260902","多々良・八田線⑦土","9514"
"20260902","甘木（都市高速）博多駅線①甘","9516"
"20260902","野間～天神線④柏","9518"
"20260902","志賀島線⑪ア","9519"
"20260902","野方（都市高速）博多線③壱","9523"
"20260902","門司駅～山田線⑥谷","9601"
"20260902","志井線⑫谷","9602"
"20260902","小倉（中原）戸畑線⑥戸","9603"
"20260902","門司 - 戸畑線⑦戸","9604"
"20260902","西新（城南）九大線⑦塚","9612"
"20260902","諸岡線⑥竹","9639"
"20260902","野間（城南）博多駅線⑧桧T","9643"
"20260902","野間～天神線⑥桧","9644"
"20260902","小笹・小笹団地線④柏","9645"
"20260902","香椎浜～博多駅線②ア","9650"
"20260902","国分線④御","9652"
"20260902","国分線③御","9653"
"20260902","野間～天神線③柏","9655"
"20260902","福島線③八","9657"
"20260902","シーサイドももち線④愛","9658"
"20260902","シーサイドももち線⑦愛","9664"
"20260902","室住線⑧壱","9672"
"20260902","福重（都市高速）線⑤壱","9673"
"20260902","昭代～天神線①壱","9676"
"20260902","屋形原線③那","9681"
"20260902","屋形原線⑬那","9682"
"20260902","春日～大橋線④那","9683"
"20260902","黒崎・戸畑 - 砂津線④幡","9686"
"20260902","黒原 - 戸畑線⑦戸","9687"
"20260902","黒原 - 戸畑線⑧戸","9688"
"20260902","門司 - 戸畑線①戸","9689"
"20260902","恒見 - 小倉線⑨恒","9690"
"20260902","馬場山～大平線⑤香","9722"
"20260902","恒見 - 小倉線⑳恒T","9724"
"20260902","屋形原線⑧那","9803"
"20260902","諸岡線⑦竹","9807"
"20260902","坂瀬線①宇","9808"
"20260902","野方（都市高速）博多線⑭壱","9813"
"20260902","諸岡線③竹","9815"
"20260902","新八田線②土","9816"
"20260902","香椎線③舞","9820"
"20260902","坂瀬線②宇","9827"
"20260902","西新（城南）九大線③塚","9830"
"20260902","西新（城南）九大線①塚","9831"
"20260902","西新（城南）九大線②塚","9835"
"20260902","南ヶ丘線④月","9837"
"20260902","つつじヶ丘線②月","9838"
"20260902","野方（都市高速）博多線⑲壱T","9839"
"20260902","篠栗線（篠）④土","9845"
"20260902","つつじヶ丘線④月T","9852"
"20260902","南福岡線③宇","9856"
"20260902","坂瀬線③宇","9860"
"20260902","諸岡線⑪竹","9862"
"20260902","久留米吉井線⑧吉","9864"
"20260902","みどりヶ丘線⑧土","9866"
"20260902","みどりヶ丘線⑪土","9868"
"20260902","赤間（普通）線④赤","9870"
"20260902","那珂川フィーダー線⑩那","9872"
"20260902","西新（城南）九大線⑤愛","9874"
"20260902","屋形原線⑥那","9875"
"20260902","香椎線⑤舞","9876"
"20260902","金武線④武","9878"
"20260902","早良（城南）博多駅⑤早","9879"
"20260902","脇山線⑰早","9880"
"20260902","桧原（小笹）博多駅線⑧桧T","9881"
"20260902","坂瀬線⑤宇","9889"
"20260902","香椎浜～博多駅線④ア","9892"
"20260902","大橋～福翔線⑬那","9893"
"20260902","小倉 - 黒崎・折尾線③小","9894"
"20260902","小倉（中原）戸畑線④小T","9895"
"20260902","小倉（中原）戸畑線③弥","9899"
"20260902","恒見 - 小倉線③恒","9901"
"20260902","恒見 - 小倉線④恒","9903"
"20260902","赤間（急行）福岡線⑭赤T","9925"
"20260902","門司駅～山田線④谷","9937"
"20260902","霧丘 - 小倉駅線②小","9939"
"20260902","黒原 - 戸畑線③小T","9940"
"20260902","黒原 - 戸畑線⑨弥T","9941"
"20260902","小倉 - 黒崎・折尾線⑱幡T","9943"
"20260902","小倉 - 黒崎・折尾線⑭幡T","9944"
"20260902","小倉 - 黒崎線⑦幡","9945"
"20260902","小倉 - 黒崎線⑧幡","9946"
"20260902","門司 - 戸畑線⑨門","9950"
"20260902","小倉 - 黒崎・折尾線⑨香","9952"
"20260902","黒原 - 戸畑線⑤戸","9953"
"20260902","黒原 - 戸畑線③弥","9955"
"20260902","黒原 - 戸畑線①弥","9956"
"20260902","黒原 - 戸畑線④弥","9957"
"20260902","門司 - 戸畑線①恒","9958"
"20260902","門司 - 戸畑線②恒","5900"
"20260902","小倉 - 黒崎・折尾線⑤小T","5901"
"20260902","鞘ヶ谷 - 大谷池線②小","5904"
"20260902","鞘ヶ谷 - 大谷池線⑨小T","5906"
"20260902","小倉 - 黒崎・折尾線①小","5907"
"20260902","小倉 - 黒崎・折尾線⑥幡","5908"
"20260902","小倉 - 黒崎線⑪幡T","5909"
"20260902","小倉 - 黒崎・折尾線⑧幡","5910"
"20260902","門司 - 戸畑線⑧門","5913"
"20260902","黒原 - 戸畑線②弥","5914"
"20260902","黒原 - 戸畑線⑧弥T","5915"
"20260902","小嶺 - 戸畑・若松線⑦香","5916"
"20260902","春日原線④月","5925"
"20260902","シーサイドももち線⑨愛","5926"
"20260902","昭代（城南）博多駅線②塚","5929"
"20260902","博多駅～西新線②博","5932"
"20260902","シーサイドももち線⑭愛","5934"
"20260902","つつじヶ丘線③月","5936"
"20260902","那珂川フィーダー線⑱那T","5937"
"20260902","那珂川フィーダー線⑦那","5938"
"20260902","春日原線⑥那T","5944"
"20260902","野方（都市高速）博多線⑧壱","5945"
"20260902","多々良・八田線④土","5947"
"20260902","多々良・八田線⑩土","5948"
"20260902","多々良・八田線⑲土T","5952"
"20260902","シーサイドももち線⑤愛","5953"
"20260902","久留米市内線①御","5956"
"20260902","甘木幹線①杷","5957"
"20260902","シーサイドももち線(33)愛T","5958"
"20260902","門司 - 戸畑線⑩門","5959"
"20260902","屋形原線⑪那","5962"
"20260902","みどりヶ丘線④土","5970"
"20260902","多々良・八田線⑬土","5971"
"20260902","新八田線⑦土","5972"
"20260902","諸岡線②竹","5977"
"20260902","筑豊（特急）福岡線①田","5981"
"20260902","春日原線④那","5984"
"20260902","春日原線⑤月","5985"
"20260902","シーサイドももち線(34)愛T","5986"
"20260902","赤間（普通）線②赤","5990"
"20260902","那珂川フィーダー線⑳那T","5994"
"20260902","野方（都市高速）博多線⑤壱","5999"
"20260902","金武線②壱","6001"
"20260902","鞘ヶ谷 - 大谷池線④小","6004"
"20260902","鞘ヶ谷 - 大谷池線③小","6005"
"20260902","黒原 - 戸畑線③戸","6007"
"20260902","黒原 - 戸畑線⑦弥","6008"
"20260902","小倉 - 黒崎・折尾線⑩幡","6010"
"20260902","小倉 - 黒崎・折尾線③香","6011"
"20260902","恒見 - 小倉線⑤恒","6012"
"20260902","上山田線②飯","6050"
"20260902","筑豊（特急）福岡線⑦田","6106"
"20260902","筑豊（特急）福岡線⑧田","6107"
"20260902","黒崎北九州空港線①幡T","6108"
"20260902","赤間（急行）福岡線①舞","6110"
"20260902","筑豊（特急）福岡線④田","6113"
"20260902","赤間（急行）福岡線②赤","6115"
"20260902","赤間（急行）福岡線②舞","6116"
"20260902","筑豊（特急）福岡線②飯","6117"
"20260902","シーサイドももち線②愛","6121"
"20260902","西新（城南）九大線⑥も","6122"
"20260902","諸岡線④竹","6123"
"20260902","多々良・八田線⑧土","6127"
"20260902","森林都市線①赤","6130"
"20260902","野間快速線③柏","6131"
"20260902","屋形原線⑮那","6133"
"20260902","小倉 (井堀) 戸畑線①小","6136"
"20260902","小倉 - 黒崎線④幡","6138"
"20260902","小倉（中原）戸畑線③戸","6148"
"20260902","黒原 - 戸畑線④戸","6151"
"20260902","黒原 - 戸畑線⑥戸","6152"
"20260902","鞘ヶ谷 - 大谷池線⑧小T","6153"
"20260902","野方（都市高速）博多線⑳壱T","6155"
"20260902","西新（城南）九大線①も","6157"
"20260902","諸岡線⑨竹","6158"
"20260902","野方（都市高速）博多線⑩壱","6163"
"20260902","みどりヶ丘線⑨土","6164"
"20260902","桧原（小笹）博多駅線①博","6169"
"20260902","博多駅～西新線①も","6170"
"20260902","シーサイドももち線⑥愛","6171"
"20260902","西新（城南）九大線⑪もT","6173"
"20260902","板付団地線⑪竹T","6174"
"20260902","国分線②御","6176"
"20260902","油山（快速）博多駅線⑭片T","6177"
"20260902","板付団地線④竹","6180"
"20260902","坂瀬線⑦宇","6195"
"20260902","屋形原線⑭那","6197"
"20260902","室住線⑤壱","6199"
"20260902","金武線⑧武","6200"
"20260902","甘木幹線⑤杷T","6202"
"20260902","竹下～長浜線③竹","6204"
"20260902","竹下～長浜線④竹","6205"
"20260902","門司 - 戸畑線⑭戸T","6210"
"20260902","黒原 - 戸畑線②小","6213"
"20260902","小倉 (井堀) 戸畑線②小","6214"
"20260902","小倉（中原）戸畑線②弥","6215"
"20260902","小倉（中原）戸畑線③小T","6216"
"20260902","小倉 - 黒崎・折尾線②香","6217"
"20260902","小倉（中原）戸畑線①小","6218"
"20260902","黒崎・戸畑 - 砂津線②小","6220"
"20260902","小倉 - 黒崎・折尾線②小","6224"
"20260902","門司 - 戸畑線⑮戸T","6225"
"20260902","門司 - 戸畑線⑤門","6228"
"20260902","小倉 - 黒崎・折尾線④香","6231"
"20260902","福重（都市高速）線①壱","6234"
"20260902","茶山線①片","6236"
"20260902","福重（都市高速）線⑦壱","6238"
"20260902","志賀島線⑤ア","6244"
"20260902","アイランドシティ～千早線③ア","6254"
"20260902","那珂川フィーダー線⑧那","6257"
"20260902","大橋～福翔線(38)那T","6258"
"20260902","姪浜フィーダー線①壱","6265"
"20260902","志井線④谷","5766"
"20260902","野間（城南）博多駅線②桧","7801"
"20260902","綾部線①鳥","8004"
"20260902","江見線②佐T","8005"
"20260902","朽網～北九州空港線②弥","8008"
"20260902","朽網～北九州空港線①弥","8010"
"20260902","綾部線②鳥","8050"
"20260902","野間～天神線③桧","8015"
"20260902","桧原（小笹）博多駅線⑨桧T","8016"
"20260902","赤間（急行）福岡線⑪赤T","8017"
"20260902","吉野線①牟","8404"
"20260902","米の山・黒崎団地線①牟","8405"
"20260902","天拝坂線①原T","8410"
"20260902","野間～天神線⑩桧","8502"
"20260902","二日市線③原","8512"
"20260902","上官（大牟田）線②牟","8515"
"20260902","飯塚市内線⑥飯","8518"
"20260902","直方 ・ 黒崎線③直T","8522"
"20260902","頓野線③直","8523"
"20260902","長野 - 小倉線⑤弥T","8524"
"20260902","長野 - 小倉線②弥","8525"
"20260902","戸畑循環線①タ","8527"
"20260902","国分線①御","8534"
"20260902","国分線⑤御","8535"
"20260902","大橋～福翔線⑯那","8539"
"20260902","門司 - 戸畑線⑥門","8606"
"20260902","福岡～熊本線⑱高T","7625"
"20260902","荒江線⑥早","7702"
"20260902","香椎線②舞","7710"
"20260902","野間～天神線⑦桧","7713"
"20260902","野間～天神線⑨桧","7714"
"20260902","那珂川フィーダー線①那","7715"
"20260902","昭代（城南）博多駅線②愛","7733"
"20260902","南福岡線①宇","7734"
"20260902","春日原線②月","7737"
"20260902","みどりヶ丘線⑥土","7739"
"20260902","門司 - 戸畑線④門","7741"
"20260902","門司 - 戸畑線(26)門T","7743"
"20260902","太宰府市役所循環線①原","7777"
"20260902","脇山線⑩早","7804"
"20260902","竹下～長浜線⑤も","7805"
"20260902","桧原（城南）博多駅線④桧","7806"
"20260902","野間～天神線②桧","7807"
"20260902","野間～天神線①桧","7808"
"20260902","野間快速線⑦桧","7809"
"20260902","新八田線④土","7810"
"20260902","大川線③土","7811"
"20260902","室住線③壱","7812"
"20260902","頓野線②直","7817"
"20260902","長住～天神線⑦桧","7824"
"20260902","甘木（都市高速）博多駅線③甘","7828"
"20260902","赤間（急行）福岡線④赤","7830"
"20260902","太宰府市役所循環線⑤原","7832"
"20260902","長住～天神線③桧","7839"
"20260902","二日市線①原","7843"
"20260902","大牟田市内線②牟","7844"
"20260902","赤間（急行）福岡線③赤","7906"
"20260902","赤間（急行）福岡線⑫赤T","7907"
"20260902","福岡～小倉線④博","7909"
"20260902","福重（都市高速）線③壱","7912"
"20260902","福重（都市高速）線⑧壱","7914"
"20260902","シーサイドももち線③愛","7917"
"20260902","竹下～長浜線⑥も","7919"
"20260902","油山線①桧","7921"
"20260902","野間（城南）博多駅線①桧","7923"
"20260902","桧原（小笹）博多駅線②桧","7924"
"20260902","油山線⑳片T","7926"
"20260902","脇山線⑬早","7943"
"20260902","二日市線⑥原T","7944"
"20260902","赤間（急行）福岡線⑬赤T","8019"
"20260902","長住～博多駅線②桧","8026"
"20260902","片江（城南）博多駅線④片","8027"
"20260902","大橋～福翔線⑧那","8028"
"20260902","姪浜フィーダー線⑤壱","8032"
"20260902","姪浜フィーダー線②壱","8033"
"20260902","姪浜フィーダー線⑥壱","8035"
"20260902","金武線③武","8039"
"20260902","金武線⑤武","8040"
"20260902","西新（城南）九大線⑮塚T","8044"
"20260902","西新（城南）九大線④塚","8045"
"20260902","脇山線⑥早","8057"
"20260902","脇山支線①早","8059"
"20260902","大橋～福翔線⑦那","8061"
"20260902","板付線③竹","8064"
"20260902","福大病院（外環状）線②片","8067"
"20260902","昭代（城南）博多駅線②も","8070"
"20260902","那珂川フィーダー線⑥那","8103"
"20260902","志賀島線(21)アT","8104"
"20260902","香椎線③ア","8105"
"20260902","油山線②片","8108"
"20260902","大橋～福翔線①那","8109"
"20260902","大橋～福翔線④那","8111"
"20260902","油山線③片","8112"
"20260902","小笹～天神線④柏T","8113"
"20260902","小笹～天神線①柏","8114"
"20260902","脇山線⑦早","8116"
"20260902","早良（城南）博多駅②早","8117"
"20260902","イオンモール福岡線①宇","8122"
"20260902","四王寺坂線②宇","8124"
"20260902","西新（城南）九大線④も","8126"
"20260902","佐賀～福岡線②佐","8131"
"20260902","那珂川フィーダー線③那","8134"
"20260902","野間～天神線⑤桧","8204"
"20260902","野間～天神線⑧桧","8205"
"20260902","野方（都市高速）博多線①壱","8212"
"20260902","野方（都市高速）博多線⑫壱","8214"
"20260902","太宰府市役所循環線②原","8217"
"20260902","福岡～小倉線⑲北T","8219"
"20260902","佐賀～福岡線①佐","8220"
"20260902","福大線⑥片","8223"
"20260902","片江（城南）博多駅線②片","8224"
"20260902","長住～博多駅線①桧","8226"
"20260902","金武線⑥武","8231"
"20260902","太宰府市役所循環線④原","8301"
"20260902","タワー（天神）貝塚線①塚","8302"
"20260902","昭代（城南）博多駅線①塚","8303"
"20260902","四王寺坂線⑦宇","8305"
"20260902","四王寺坂線⑥宇","8306"
"20260902","野間快速線③桧","8308"
"20260902","油山線⑤片","8310"
"20260902","佐賀～福岡空港線②佐","8314"
"20260902","福岡～小倉線⑳北T","8317"
"20260902","片江（城南）博多駅線③片","8423"
"20260902","香椎浜～天神線⑧ア","8431"
"20260902","野方（都市高速）博多線①博","8435"
"20260902","福岡空港-久留米線⑤京T","8437"
"20260902","福岡空港-久留米線②京","8438"
"20260902","福岡～小倉線(21)北T","8439"
"20260902","鳴水線①幡","8553"
"20260902","鳴水線②幡","8554"
"20260902","大谷（大蔵）線①戸","8555"
"20260902","山路・猪倉線①小","8557"
"20260902","行橋 - 下曽根線①行","8558"
"20260902","山路・猪倉線②小T","8650"
"20260902","奥田線①恒","8655"
"20260902","昭和池フィーダー線①弥","8656"
"20260902","弥生が丘フィーダー線①弥","8657"
"20260902","恒見フィーダー線②恒","8751"
"20260902","竹末線①香","8752"
"20260902","福重（都市高速）線④壱","8802"
"20260902","シーサイドももち線⑯愛","8804"
"20260902","油山線⑦片","8810"
"20260902","小倉 - 黒崎線⑤幡","8811"
"20260902","小倉 - 黒崎線③幡","8812"
"20260902","福岡～長崎線①福","K1194"
"20260902","福岡～長崎線③福","K1262"
"20260902","福岡～長崎線②福","K2234"
"20260902","福岡～長崎線⑲長T","K9450"
"20260902","長丘・高宮線②桧","375"
"20260902","長丘・高宮線①桧","376"
"20260902","大野城市循環バス線⑥月","25"
"20260902","大野城市循環バス線④月","027"
"20260902","福岡BRT線⑤那","0107"
"20260902","福岡・福岡空港～日田線③H","402"
"20260902","福岡・福岡空港～湯布院線②H","405"
"20260902","福岡・福岡空港～日田線⑥H","424"
"20260902","福岡BRT線①ア","0206"
"20260902","福岡BRT線③ア","0208"
"20260902","☆小倉 - 黒崎・折尾線③小","0209"
"20260902","☆小倉 - 黒崎・折尾線③幡","0211"
"20260902","☆小倉 - 黒崎・折尾線②幡","0212"
"20260902","☆小倉 - 黒崎・折尾線①幡","0218"
"20260902","☆恒見 - 小倉線③恒","0221"
"20260902","久留米 - 大牟田線⑥京","2002"
"20260902","甘木幹線④杷","2010"
"20260902","福岡空港-久留米線③京","2017"
"20260902","福岡～小倉線⑱北","2020"
"20260902","福岡～大分線②高","2028"
"20260902","脇山線(36)早","2034"
"20260902","宇美線⑲宇","2039"
"20260902","宇美線⑳宇","2040"
"20260902","四王寺坂線⑧宇T","2105"
"20260902","鳥栖PO線①鳥","2116"
"20260902","春日～大橋線②月","2132"
"20260902","春日原線⑥月","2133"
"20260902","鳥栖 - 神埼線③鳥","2262"
"20260902","沖新線③川T","2279"
"20260902","貫 - 小倉線③弥","2301"
"20260902","上官（大牟田）線③牟","2351"
"20260902","米の山・黒崎団地線③牟","2352"
"20260902","草野線③吉","2353"
"20260902","鳥栖 - 神埼線②鳥","2358"
"20260902","屋形原線(21)那","2404"
"20260902","屋形原線(28)那","2405"
"20260902","桧原（小笹）博多駅線④桧","2406"
"20260902","みどりヶ丘線⑰土","2409"
"20260902","油山線⑮片","2410"
"20260902","志賀島線⑩ア","2411"
"20260902","みどりヶ丘線⑲土","2417"
"20260902","新八田線⑮土T","2418"
"20260902","久留米 - 大牟田線⑦京","2425"
"20260902","西牟田線①京","2428"
"20260902","大善寺線③川","2429"
"20260902","久留米 - 鳥栖線③鳥","2508"
"20260902","吉野線⑤牟","2513"
"20260902","吉野線⑦牟","2514"
"20260902","宇美～太宰府線②原","2516"
"20260902","則松循環線①香","2519"
"20260902","大谷線・大谷（大蔵）線⑥戸","2520"
"20260902","今町・若園線⑥谷","2525"
"20260902","香椎浜～天神線⑫ア","2528"
"20260902","大橋～福翔線(24)那","2529"
"20260902","香椎線①舞","2602"
"20260902","板付団地線⑤竹","2605"
"20260902","甘木幹線⑥甘","2606"
"20260902","脇山線⑱早","2608"
"20260902","小倉（中原）戸畑線⑦戸","2614"
"20260902","赤間（急行）福岡線⑤赤","2660"
"20260902","志賀島線⑥ア","2664"
"20260902","大橋～福翔線(40)那T","2668"
"20260902","甘木幹線⑨甘","2669"
"20260902","大橋～福翔線(26)那","2671"
"20260902","香椎線④舞","2672"
"20260902","竹下～長浜線⑦竹","2674"
"20260902","板付線⑥竹","2675"
"20260902","福重（都市高速）線⑭壱","2678"
"20260902","飯塚 - 大隈線④飯","2689"
"20260902","飯塚 - 大隈線⑤飯T","2698"
"20260902","今町・若園線⑦谷","2716"
"20260902","博多駅～西新線④も","2724"
"20260902","春日～大橋線①那","2725"
"20260902","金武線(21武","2726"
"20260902","屋形原線(24)那","2737"
"20260902","屋形原線⑳那","2738"
"20260902","福大線⑩片","2740"
"20260902","則松循環線③香","2746"
"20260902","小嶺 - 戸畑・若松線③戸","2751"
"20260902","門司 - 戸畑線⑧戸","2756"
"20260902","門司 - 戸畑線(29)門T","2758"
"20260902","小倉 (井堀) 戸畑線②戸","2765"
"20260902","渡辺通幹線③も","2772"
"20260902","那珂川フィーダー線⑬那","2774"
"20260902","渡辺通幹線⑪那","2777"
"20260902","渡辺通幹線⑧那","2787"
"20260902","渡辺通幹線⑩那","2789"
"20260902","西新（城南）九大線⑨塚","2792"
"20260902","桧原（城南）博多駅線⑬桧T","2793"
"20260902","桧原（小笹）博多駅線⑫桧T","2794"
"20260902","片江（長住）博多駅線⑥片","2795"
"20260902","上山田線④飯","2800"
"20260902","上山田線③飯","2805"
"20260902","飯塚市内線⑤飯","2806"
"20260902","油山線⑨片","2831"
"20260902","門司 - 戸畑線⑱門","2833"
"20260902","大里線⑥恒T","2843"
"20260902","大谷線・大谷（大蔵）線⑦戸","2846"
"20260902","竹末線①幡T","2848"
"20260902","西団地 - 萩原線②幡","2851"
"20260902","門司駅～山田線②恒","2858"
"20260902","門司港ローカル線②恒","2859"
"20260902","門司駅～山田線③恒T","2862"
"20260902","大善寺線②川","2864"
"20260902","碓井線②飯","2866"
"20260902","古賀市内線④舞","2870"
"20260902","金武線⑤壱","2878"
"20260902","金武線⑩武","2879"
"20260902","三軒屋線⑭武T","2880"
"20260902","金武線⑥武","2881"
"20260902","シーサイドももち線⑮愛","2883"
"20260902","行橋～福岡線⑥行","2902"
"20260902","志井線⑯谷","2908"
"20260902","西団地 - 萩原線④幡","2914"
"20260902","福大線⑫片","2916"
"20260902","竹下～長浜線⑤竹","2918"
"20260902","竹下～長浜線⑧竹T","2922"
"20260902","片江（長住）博多駅線⑨片T","2926"
"20260902","油山線⑰片","2927"
"20260902","那珂川フィーダー線⑮那","2931"
"20260902","那珂川フィーダー線⑭那","2933"
"20260902","西団地 - 萩原線⑥幡T","2941"
"20260902","小竹・天道線③飯","2961"
"20260902","那珂川フィーダー線(21)那T","2963"
"20260902","門司 - 戸畑線⑳門","2965"
"20260902","門司 - 戸畑線(28)門T","2966"
"20260902","馬場山～大平線⑪香","2968"
"20260902","門司港ローカル線④門","2978"
"20260902","大里線③恒","2983"
"20260902","佐賀～福岡線⑧佐","1006"
"20260902","片江（城南）博多駅線⑦片","1023"
"20260902","早良（城南）博多駅⑫早","1025"
"20260902","香椎浜～博多駅線⑨ア","1038"
"20260902","四王寺坂線④宇","1044"
"20260902","野間～天神線⑬桧","1047"
"20260902","恒見(都市高速)小倉線③恒T","1053"
"20260902","恒見 - 小倉線⑪恒","1054"
"20260902","小倉 (井堀) 戸畑線④戸T","1071"
"20260902","恒見 - 小倉線⑮恒","1072"
"20260902","脇山線⑳早","1083"
"20260902","脇山線(23)早","1084"
"20260902","三軒屋線⑬武T","1085"
"20260902","昭代（城南）博多駅線①も","1087"
"20260902","板付団地線⑥竹","1090"
"20260902","片江（城南）博多駅線⑨片","1097"
"20260902","小笹・小笹団地線①柏","1098"
"20260902","折尾 - 小嶺線④香","1106"
"20260902","小倉 - 黒崎線⑦小T","1109"
"20260902","福岡・福岡空港～日田線④日","1124"
"20260902","西新（城南）九大線⑩塚","1131"
"20260902","甘木（都市高速）博多駅線⑥甘","1143"
"20260902","恒見 - 小倉線⑫恒","1158"
"20260902","朽網～北九州空港線③弥","1160"
"20260902","霧丘 - 小倉駅線⑤小","1165"
"20260902","甘木（都市高速）博多駅線⑩甘","1170"
"20260902","甘木（都市高速）博多駅線⑪甘","1171"
"20260902","今町・若園線⑧谷T","1191"
"20260902","小嶺 - 戸畑・若松線⑨香","1193"
"20260902","小倉 (井堀) 戸畑線④小","1237"
"20260902","恒見 - 小倉線(21)恒T","1240"
"20260902","長野 - 小倉線④弥","1244"
"20260902","蒲生線④谷","1246"
"20260902","佐賀～福岡線⑥佐","1250"
"20260902","脇山線(21)早","1253"
"20260902","博多駅～西新線⑤博T","1258"
"20260902","油山線⑪片","1268"
"20260902","金武線(27)武T","1269"
"20260902","金武線⑮武","1270"
"20260902","脇山線(43)早T","1272"
"20260902","早良（城南）博多駅⑬早","1273"
"20260902","黒崎・戸畑 - 砂津線④小","1278"
"20260902","志賀島線⑯ア","1293"
"20260902","香椎線⑩アT","1294"
"20260902","野間～天神線⑨柏","1295"
"20260902","野間～天神線⑩柏","1296"
"20260902","門司 - 戸畑線⑰門","1307"
"20260902","甘木（都市高速）博多駅線①高","1330"
"20260902","福岡空港-久留米線⑥京T","1332"
"20260902","野間（城南）博多駅線⑤桧","1339"
"20260902","昭代（城南）博多駅線⑤も","1341"
"20260902","大橋～福翔線(23)那","1347"
"20260902","大橋～福翔線⑫那","1348"
"20260902","大橋～福翔線(27)那","1350"
"20260902","福重（都市高速）線⑰壱","1445"
"20260902","野方（都市高速）博多線(22)壱T","1446"
"20260902","脇山線(25)早","1450"
"20260902","シーサイドももち線(29)愛","1453"
"20260902","昭代（城南）博多駅線③も","1455"
"20260902","多々良・八田線⑮土","1458"
"20260902","甘木（都市高速）博多駅線⑨甘","1460"
"20260902","甘木（都市高速）博多駅線⑦甘","1463"
"20260902","甘木（都市高速）博多駅線⑧甘","1464"
"20260902","脇山線(34)早","1806"
"20260902","大橋～福翔線(42)那T","1809"
"20260902","昭代（城南）博多駅線⑦もT","1813"
"20260902","西新（城南）九大線⑩も","1814"
"20260902","シーサイドももち線⑩愛","1817"
"20260902","みどりヶ丘線①土","1819"
"20260902","多々良・八田線②土","1822"
"20260902","大川線②土","1823"
"20260902","門司駅～山田線⑦谷","1824"
"20260902","若宮線①御","1909"
"20260902","脇山線(26)早","1916"
"20260902","アイランドシティ～千早線⑥ア","1925"
"20260902","空港循環線③宇","4601"
"20260902","片江（長住）博多駅線④片","4607"
"20260902","黒原 - 戸畑線⑥弥","4616"
"20260902","多々良・八田線⑳土T","3630"
"20260902","新八田線③土","3631"
"20260902","みどりヶ丘線(21)土","3632"
"20260902","坂瀬線④宇","3637"
"20260902","坂瀬線⑨宇","3638"
"20260902","須恵線③宇","3639"
"20260902","坂瀬線⑩宇","3641"
"20260902","香椎線⑦ア","3644"
"20260902","香椎浜～天神線⑦ア","3645"
"20260902","香椎浜～天神線⑪ア","3646"
"20260902","脇山線(29)早","3651"
"20260902","桧原（小笹）博多駅線⑥桧","3658"
"20260902","諸岡線②桧","3661"
"20260902","片江（長住）博多駅線⑦片","3663"
"20260902","脇山線(28)早","3664"
"20260902","脇山線(33)早","3665"
"20260902","筑豊（特急）福岡線⑩田","4702"
"20260902","筑豊（特急）福岡線⑨飯T","4720"
"20260902","筑豊（特急）福岡線⑨田","4721"
"20260902","筑豊（特急）福岡線⑱田T","4722"
"20260902","福岡～小倉線⑮北","4725"
"20260902","三軒屋線⑥武","4830"
"20260902","三軒屋線⑧武","4831"
"20260902","三軒屋線④武","4833"
"20260902","渡辺通幹線②高","4836"
"20260902","福大線⑦片","4837"
"20260902","片江（長住）博多駅線⑤片","4838"
"20260902","福大線⑨片","4839"
"20260902","西新（城南）九大線⑧塚","4843"
"20260902","筑豊（特急）福岡線⑤飯","4858"
"20260902","志賀島線⑱ア","4866"
"20260902","野間～天神線⑫柏T","4872"
"20260902","福岡～熊本線(26)高T","4876"
"20260902","福岡～熊本線(30)高T","4877"
"20260902","福岡～小倉線⑨博T","4906"
"20260902","小笹・小笹団地線⑫柏","4909"
"20260902","小笹・小笹団地線⑬柏","4911"
"20260902","脇山線(38)早T","4913"
"20260902","早良（城南）博多駅⑪早","4914"
"20260902","金武線⑫武","4916"
"20260902","金武線⑬武","4917"
"20260902","金武線⑱武","4918"
"20260902","金武線⑲武","4919"
"20260902","宇美線(23)宇T","4922"
"20260902","小笹・小笹団地線(22)柏T","4924"
"20260902","野間快速線⑩柏T","4925"
"20260902","小笹・小笹団地線④桧","4927"
"20260902","桧原（城南）博多駅線⑨桧","4932"
"20260902","脇山線(22)早","4934"
"20260902","金武線⑰武","4935"
"20260902","金武線⑳武","4936"
"20260902","野方（都市高速）博多線③塚","4937"
"20260902","油山（快速）博多駅線⑦片","4940"
"20260902","油山（快速）博多駅線⑧片","4943"
"20260902","油山（快速）博多駅線⑤片","4944"
"20260902","福岡～大分線③高","4947"
"20260902","小笹・小笹団地線⑪柏","3033"
"20260902","小笹・小笹団地線⑨柏","3034"
"20260902","油山（快速）博多駅線②桧","3036"
"20260902","福岡～熊本線(29)高T","3044"
"20260902","福岡～小倉線⑪北","3050"
"20260902","赤間（急行）福岡線⑮赤T","3052"
"20260902","野間快速線⑪桧T","3055"
"20260902","野間～天神線⑭桧","3057"
"20260902","小笹・小笹団地線⑯柏","3060"
"20260902","荒江線④早","3061"
"20260902","脇山線(31)早","3062"
"20260902","新八田線⑨土","3068"
"20260902","南福岡線②竹","3124"
"20260902","金武線(26)武T","3127"
"20260902","片江（城南）博多駅線⑧片","3129"
"20260902","小笹～天神線②片","3130"
"20260902","片江（城南）博多駅線⑩片","3131"
"20260902","香椎浜～博多駅線⑩ア","3133"
"20260902","野間（城南）博多駅線⑦桧","3134"
"20260902","福岡～宮崎線⑩高T","3135"
"20260902","福岡～宮崎線⑪高T","3136"
"20260902","福岡～鹿児島線④高T","3145"
"20260902","福岡～鹿児島線③高T","3148"
"20260902","福岡～小倉線⑫北","3156"
"20260902","福岡～小倉線⑯北","3158"
"20260902","福岡～小倉線(25)北T","3202"
"20260902","三軒屋線⑨武","3204"
"20260902","宇美線⑱宇","3206"
"20260902","野方（都市高速）博多線②塚","3210"
"20260902","桧原（城南）博多駅線⑧桧","3211"
"20260902","香椎浜～博多駅線⑧ア","3212"
"20260902","香椎線⑥ア","3217"
"20260902","野間快速線⑥柏","3222"
"20260902","桧原（城南）博多駅線⑤桧","3224"
"20260902","博多駅～西新線③塚","3239"
"20260902","油山線④桧","3240"
"20260902","野間（城南）博多駅線⑨桧T","3241"
"20260902","桧原（城南）博多駅線⑭桧T","3273"
"20260902","新八田線⑩土","3276"
"20260902","新八田線⑪土","3277"
"20260902","福岡・福岡空港～佐世保線⑥博T","3283"
"20260902","福岡・福岡空港～佐世保線⑦博T","3284"
"20260902","貫 (都市高速) 小倉線④弥","3287"
"20260902","小倉 - 黒崎・折尾線⑧香","3288"
"20260902","宇美線(22)宇","3299"
"20260902","福岡～小倉線⑭北","3330"
"20260902","福岡～小倉線⑰北","3332"
"20260902","馬場山～大平線⑩香","3336"
"20260902","福岡～熊本線(27)高T","3347"
"20260902","福岡・福岡空港～別府線②亀T","3351"
"20260902","野間快速線⑨桧","3424"
"20260902","長住～博多駅線⑨桧","3425"
"20260902","小笹・小笹団地線(24)柏T","3427"
"20260902","野間～天神線⑪柏","3429"
"20260902","宇美線⑮宇","3431"
"20260902","坂瀬線⑬宇T","3432"
"20260902","坂瀬線⑯宇T","3433"
"20260902","金武線④塚","3703"
"20260902","香椎浜～天神線⑩ア","3705"
"20260902","志賀島線⑲ア","3706"
"20260902","福岡BRT線②ア","3707"
"20260902","野間快速線⑦柏","3710"
"20260902","久留米吉井線⑨吉","5822"
"20260902","タワー（天神）貝塚線④塚","5823"
"20260902","多々良・八田線⑭土","5838"
"20260902","篠栗線（篠）⑧土T","5862"
"20260902","久留米吉井線⑪吉","5884"
"20260902","福島線⑰八","5892"
"20260902","馬場山～大平線⑬香T","9020"
"20260902","小倉 - 黒崎・折尾線⑪香T","9021"
"20260902","志井線⑲谷T","9026"
"20260902","大橋～福翔線⑲那","9030"
"20260902","屋形原線(27)那","9031"
"20260902","久留米吉井線⑬吉","9034"
"20260902","福島線⑫八","9055"
"20260902","南ヶ丘線⑥月","9062"
"20260902","早良（城南）博多駅⑩早","9068"
"20260902","西新（城南）九大線⑨も","9073"
"20260902","イオンモール大牟田線①牟","9074"
"20260902","野間（城南）博多駅線③桧","9076"
"20260902","油山線③桧","9080"
"20260902","大里線⑤恒T","9083"
"20260902","油山（快速）博多駅線⑰片T","9093"
"20260902","上官（大牟田）線④牟","9095"
"20260902","佐賀 - 柳川線⑤川","9096"
"20260902","金武（城南）博多駅線⑦武T","9097"
"20260902","金武線⑪武","9098"
"20260902","久留米吉井線①京","9100"
"20260902","久留米市内線③京","9101"
"20260902","屋形原線(30)那","9126"
"20260902","姪浜フィーダー線⑧壱","9137"
"20260902","飯塚市内線⑪飯T","9144"
"20260902","飯塚市内線⑧飯","9145"
"20260902","篠栗線（篠）①土","9214"
"20260902","門司 - 戸畑線(25)門","9224"
"20260902","小倉 - 黒崎・折尾線⑳幡T","9230"
"20260902","貫 - 小倉線②弥","9238"
"20260902","小倉（中原）戸畑線⑩戸T","9239"
"20260902","志井線⑰谷","9240"
"20260902","脇山線(44)早T","9265"
"20260902","つつじヶ丘線②月","9267"
"20260902","神埼線②佐","9272"
"20260902","大川線④土","9273"
"20260902","神埼線④佐","9276"
"20260902","四王寺坂線⑨宇T","9279"
"20260902","帝京大学線①牟","9281"
"20260902","上官（大牟田）線⑤牟","9282"
"20260902","佐賀 - 柳川線①川","9285"
"20260902","金武（城南）博多駅線⑧武T","9288"
"20260902","金武（城南）博多駅線⑤武","9289"
"20260902","三軒屋線⑩武","9291"
"20260902","甘木幹線⑧甘","9292"
"20260902","金武線(22)武","9294"
"20260902","福島線⑮八","9304"
"20260902","春日原線③月","9312"
"20260902","久留米 - 大牟田線①京","9314"
"20260902","香椎浜～天神線⑱アT","9315"
"20260902","香椎浜～天神線⑯アT","9316"
"20260902","久留米吉井線②京","9320"
"20260902","南ヶ丘線⑦月T","9323"
"20260902","早良（城南）博多駅⑰早T","9326"
"20260902","片江（長住）博多駅線⑧片","9335"
"20260902","長住～博多駅線⑦桧","9337"
"20260902","久留米市内線④御","9341"
"20260902","佐賀 - 柳川線③川","9345"
"20260902","篠栗線（篠）⑦土","9348"
"20260902","小倉 - 黒崎・折尾線⑧小T","9352"
"20260902","国分線⑥御","9372"
"20260902","小倉 - 黒崎・折尾線⑰幡T","9414"
"20260902","多々良・八田線(21)土T","9426"
"20260902","みどりヶ丘線⑩土","9427"
"20260902","宇美～太宰府線①原","9436"
"20260902","脇山線(27)早","9453"
"20260902","脇山線(35)早","9457"
"20260902","桧原（城南）博多駅線⑫桧T","9460"
"20260902","小笹・小笹団地線(23)柏T","9461"
"20260902","野間快速線⑨柏T","9462"
"20260902","赤間（普通）線⑥赤","9468"
"20260902","福大線⑧片","9469"
"20260902","みどりヶ丘線⑱土","9472"
"20260902","茶山線②片","9473"
"20260902","茶山線④片","9474"
"20260902","諸岡線⑬竹","9479"
"20260902","シーサイドももち線(28)愛","9480"
"20260902","屋形原線(22)那","9482"
"20260902","シーサイドももち線⑱愛","9483"
"20260902","小倉 - 黒崎線③小","9489"
"20260902","小倉 - 黒崎・折尾線⑪幡","9491"
"20260902","金武線(28)武T","9497"
"20260902","金武線(29)武T","9498"
"20260902","姪浜フィーダー線⑦壱","9501"
"20260902","諸岡線⑭竹","9504"
"20260902","久留米吉井線⑫吉","9506"
"20260902","久留米市内線③御","9511"
"20260902","みどりヶ丘線⑬土","9515"
"20260902","久留米市内線⑥御","9517"
"20260902","香椎浜～天神線⑮アT","9520"
"20260902","志井線⑮谷","9524"
"20260902","博多駅～西新線③博","9525"
"20260902","博多駅～西新線④博","9613"
"20260902","坂瀬線⑰宇T","9635"
"20260902","坂瀬線⑲宇T","9637"
"20260902","坂瀬線⑭宇T","9638"
"20260902","諸岡線(25)竹T","9640"
"20260902","桧原（城南）博多駅線⑥桧","9641"
"20260902","シーサイドももち線(25)愛","9654"
"20260902","小笹・小笹団地線⑥柏","9656"
"20260902","諸岡線⑮竹","9659"
"20260902","諸岡線⑳竹","9660"
"20260902","早良（城南）博多駅⑮早T","9661"
"20260902","早良（城南）博多駅⑯早T","9662"
"20260902","脇山線⑲早","9663"
"20260902","みどりヶ丘線(23)土","9665"
"20260902","みどりヶ丘線(24)土","9667"
"20260902","みどりヶ丘線(28)土T","9668"
"20260902","福重（都市高速）線⑮壱","9669"
"20260902","諸岡線⑱竹","9670"
"20260902","福重（都市高速）線⑯壱","9671"
"20260902","福重（都市高速）線⑱壱","9674"
"20260902","福重（都市高速）線⑬壱","9675"
"20260902","志賀島線⑭ア","9677"
"20260902","諸岡線⑤竹","9685"
"20260902","小倉（中原）戸畑線⑧戸","9720"
"20260902","門司 - 戸畑線③恒","9721"
"20260902","小倉 - 黒崎・折尾線⑦香","9723"
"20260902","屋形原線⑱那","9804"
"20260902","福大線⑪片","9805"
"20260902","赤間（普通）線⑤赤","9809"
"20260902","赤間（普通）線⑨赤","9810"
"20260902","昭代～天神線②壱","9811"
"20260902","久留米市内線⑫御","9812"
"20260902","室住線⑩壱","9814"
"20260902","みどりヶ丘線⑮土","9818"
"20260902","香椎線⑦舞","9822"
"20260902","坂瀬線⑧宇","9825"
"20260902","坂瀬線⑱宇T","9826"
"20260902","諸岡線(26)竹T","9832"
"20260902","諸岡線⑲竹","9833"
"20260902","西新（城南）九大線⑪塚","9836"
"20260902","諸岡線⑯竹","9840"
"20260902","久留米市内線⑤御","9843"
"20260902","諸岡線①竹","9844"
"20260902","脇山線(42)早T","9848"
"20260902","久留米市内線⑪御","9850"
"20260902","久留米 - 大牟田線⑤京","9853"
"20260902","小笹・小笹団地線⑳柏T","9857"
"20260902","小笹・小笹団地線⑲柏T","9858"
"20260902","板付団地線⑦竹","9861"
"20260902","みどりヶ丘線(22)土","9867"
"20260902","つつじヶ丘線①月","9873"
"20260902","赤間（普通）線⑩赤","9877"
"20260902","野間快速線⑩桧T","9882"
"20260902","桧原（城南）博多駅線⑪桧","9883"
"20260902","小笹・小笹団地線(21)柏T","9884"
"20260902","小笹・小笹団地線⑮柏","9885"
"20260902","坂瀬線⑪宇","9888"
"20260902","香椎線⑩舞T","9891"
"20260902","門司 - 戸畑線⑨戸","9896"
"20260902","小倉 - 黒崎・折尾線⑫幡","9897"
"20260902","小倉 - 黒崎・折尾線⑩香","9898"
"20260902","門司 - 戸畑線(24)門","9902"
"20260902","筑豊（特急）福岡線④飯","9913"
"20260902","門司駅～山田線⑧谷","9938"
"20260902","小倉 - 黒崎線⑨幡","9947"
"20260902","門司 - 戸畑線⑲門","9948"
"20260902","門司 - 戸畑線⑯門","9951"
"20260902","黒原 - 戸畑線⑪戸T","9954"
"20260902","黒崎・戸畑 - 砂津線⑨幡","5902"
"20260902","黒原 - 戸畑線⑫戸T","5903"
"20260902","貫 (都市高速) 小倉線⑦弥T","5905"
"20260902","小嶺 - 戸畑・若松線⑧香","5917"
"20260902","香椎線⑧ア","5920"
"20260902","姪浜フィーダー線⑬壱","5921"
"20260902","シーサイドももち線(36)愛T","5924"
"20260902","香椎線⑨ア","5927"
"20260902","春日～大橋線③月","5935"
"20260902","黒崎・戸畑 - 砂津線⑦幡","5939"
"20260902","野方（都市高速）博多線⑨壱","5943"
"20260902","大橋～福翔線(41)那T","5955"
"20260902","黒原 - 戸畑線⑤弥","5961"
"20260902","室住線⑮壱","5963"
"20260902","室住線⑥壱","5964"
"20260902","新八田線⑯土T","5968"
"20260902","新八田線⑥土","5969"
"20260902","香椎浜～天神線⑰アT","5973"
"20260902","板付線⑤竹","5976"
"20260902","筑豊（特急）福岡線③飯","5980"
"20260902","坂瀬線⑥宇","5988"
"20260902","油山線⑧片","5991"
"20260902","西新（城南）九大線⑥愛","5992"
"20260902","荒江線⑦早","5993"
"20260902","赤間（普通）線⑧赤","5995"
"20260902","屋形原線(25)那","5996"
"20260902","野間快速線④柏","5998"
"20260902","野方（都市高速）博多線(23)壱T","6000"
"20260902","屋形原線(29)那","6002"
"20260902","恒見 - 小倉線⑭恒","6013"
"20260902","筑豊（特急）福岡線⑪田","6119"
"20260902","春日～大橋線⑤那T","6124"
"20260902","西新（城南）九大線⑦愛","6125"
"20260902","ららぽーと～大橋竹下線②竹","6128"
"20260902","ららぽーと～大橋竹下線③竹","6132"
"20260902","片江（城南）博多駅線⑫片T","6134"
"20260902","霧丘 - 小倉駅線④小","6137"
"20260902","黒崎・戸畑 - 砂津線⑩幡","6139"
"20260902","門司 - 戸畑線(23)門","6140"
"20260902","鞘ヶ谷 - 大谷池線⑩小T","6145"
"20260902","鞘ヶ谷 - 大谷池線⑤小","6146"
"20260902","黒崎・戸畑 - 砂津線⑥小T","6150"
"20260902","片江（城南）博多駅線⑬片T","6160"
"20260902","みどりヶ丘線⑭土","6165"
"20260902","赤間（普通）線⑦赤","6167"
"20260902","油山（快速）博多駅線⑬片T","6168"
"20260902","ららぽーと～大橋竹下線①竹","6175"
"20260902","志賀島線(22)アT","6179"
"20260902","板付団地線⑩竹T","6181"
"20260902","志賀島線⑳アT","6182"
"20260902","福重（都市高速）線⑨壱","6183"
"20260902","屋形原線⑲那","6184"
"20260902","那珂川フィーダー線⑪那","6185"
"20260902","屋形原線(23)那","6186"
"20260902","シーサイドももち線(23)愛","6187"
"20260902","シーサイドももち線(26)愛","6188"
"20260902","国分線⑦御","6189"
"20260902","福重（都市高速）線⑲壱","6193"
"20260902","油山（快速）博多駅線⑯片T","6196"
"20260902","福島線⑯八","6198"
"20260902","多々良・八田線⑫土","6203"
"20260902","竹下～長浜線⑥竹","6206"
"20260902","金武線③壱","6207"
"20260902","室住線⑪壱","6208"
"20260902","黒原 - 戸畑線⑨戸","6209"
"20260902","小倉（中原）戸畑線②小","6212"
"20260902","小倉（中原）戸畑線⑤弥","6223"
"20260902","黒崎・戸畑 - 砂津線⑤幡","6226"
"20260902","黒原 - 戸畑線⑩戸","6229"
"20260902","黒崎・戸畑 - 砂津線⑧幡","6232"
"20260902","門司 - 戸畑線(21)門","6233"
"20260902","野方（都市高速）博多線⑯壱","6235"
"20260902","佐賀 - 柳川線④川","6240"
"20260902","久留米吉井線⑩吉","6243"
"20260902","諸岡線⑰竹","6245"
"20260902","脇山線(24)早","6247"
"20260902","屋形原線(31)那","6250"
"20260902","油山（快速）博多駅線⑮片T","6251"
"20260902","姪浜フィーダー線⑪壱","6252"
"20260902","志賀島線(23)アT","6253"
"20260902","香椎線⑪アT","6255"
"20260902","姪浜フィーダー線⑫壱","6259"
"20260902","油山（快速）博多駅線⑱片T","6261"
"20260902","室住線⑨壱","6263"
"20260902","室住線⑬壱","6264"
"20260902","門司 - 戸畑線②門","5769"
"20260902","小倉（中原）戸畑線④弥","5779"
"20260902","荒江線⑪早T","7802"
"20260902","赤間（急行）福岡線⑥赤","7905"
"20260902","油山線⑤桧T","8001"
"20260902","野間～天神線⑯桧T","8000"
"20260902","北野線②御","8402"
"20260902","長住～博多駅線⑩桧","8501"
"20260902","筑豊（特急）福岡線⑰田T","8510"
"20260902","吉野線⑥牟","8511"
"20260902","飯塚市内線⑦飯","8516"
"20260902","飯塚市内線③飯","8517"
"20260902","西団地 - 萩原線⑤幡","8521"
"20260902","油山線⑭片","8605"
"20260902","行橋～福岡線⑤行","7613"
"20260902","長住～博多駅線⑧桧","7616"
"20260902","シーサイドももち線①愛","7729"
"20260902","西新（城南）九大線③愛","7731"
"20260902","桧原（城南）博多駅線⑦桧","7735"
"20260902","野間～天神線⑫桧","7736"
"20260902","みどりヶ丘線⑳土","7738"
"20260902","門司 - 戸畑線(22)門","7740"
"20260902","脇山線(30)早","7803"
"20260902","福重（都市高速）線⑪壱","7814"
"20260902","長住～天神線⑧桧","7833"
"20260902","長住～天神線①桧","7834"
"20260902","能古島内線①愛","7836"
"20260902","長住～天神線⑨桧","7840"
"20260902","野方（都市高速）博多線⑬壱","7911"
"20260902","室住線⑫壱","7913"
"20260902","シーサイドももち線(30)愛","7916"
"20260902","シーサイドももち線⑰愛","7918"
"20260902","竹下～長浜線⑦も","7920"
"20260902","野間～天神線⑪桧","7922"
"20260902","野間（城南）博多駅線⑥桧","7923"
"20260902","茶山線⑤片","7925"
"20260902","太宰府市役所循環線③原","7937"
"20260902","長住～天神線⑤桧","7939"
"20260902","大牟田市内線③牟","7940"
"20260902","羽犬塚線②川","7941"
"20260902","福岡～熊本線(23)高T","7946"
"20260902","赤間（急行）福岡線③舞","8018"
"20260902","桧原（城南）博多駅線⑮桧T","8025"
"20260902","大橋～福翔線(21)那","8030"
"20260902","室住線⑭壱","8037"
"20260902","福岡BRT線②愛","8038"
"20260902","タワー（天神）貝塚線④も","8041"
"20260902","福岡～熊本線⑦高","8047"
"20260902","福岡～大分線⑦高T","8054"
"20260902","脇山線(32)早","8058"
"20260902","屋形原線(26)那","8060"
"20260902","板付団地線①竹","8062"
"20260902","タワー（天神）貝塚線③塚","8065"
"20260902","油山線⑯片","8066"
"20260902","博多駅～西新線⑤も","8069"
"20260902","志賀島線⑰ア","8110"
"20260902","小笹～天神線⑤柏T","8115"
"20260902","荒江線⑧早","8118"
"20260902","シーサイドももち線(22)愛","8119"
"20260902","シーサイドももち線(24)愛","8120"
"20260902","イオンモール福岡線②宇","8123"
"20260902","昭代（城南）博多駅線④も","8125"
"20260902","油山（快速）博多駅線⑥片","8127"
"20260902","福岡～小倉線(23)北T","8128"
"20260902","佐賀～福岡線⑪佐T","8133"
"20260902","志賀島線(24)アT","8135"
"20260902","野間（城南）博多駅線④桧","8203"
"20260902","小笹～天神線②柏","8207"
"20260902","小笹～天神線③柏","8208"
"20260902","野間～天神線⑬柏T","8209"
"20260902","桧原（小笹）博多駅線③桧","8210"
"20260902","福重（都市高速）線⑫壱","8213"
"20260902","福重（都市高速）線⑩壱","8215"
"20260902","長住～博多駅線⑥桧","8225"
"20260902","福岡BRT線③愛","8228"
"20260902","金武線(23)武","8230"
"20260902","金武線②武","8231"
"20260902","桧原（小笹）博多駅線⑤桧","8307"
"20260902","油山（快速）博多駅線⑨片","8309"
"20260902","片江（城南）博多駅線⑥片","8311"
"20260902","佐賀～福岡空港線③佐","8313"
"20260902","佐賀～福岡線⑦佐","8315"
"20260902","太宰府市役所循環線⑥原","8421"
"20260902","油山線⑬片","8424"
"20260902","油山線⑫片","8425"
"20260902","那珂川フィーダー線⑰那T","8427"
"20260902","福岡BRT線④那","8429"
"20260902","ららぽーと～福岡空港線①竹","8432"
"20260902","福岡BRT線①竹","8433"
"20260902","タワー（天神）貝塚線③も","8434"
"20260902","福岡～小倉線(22)北T","8440"
"20260902","行橋 - 下曽根線②行","8559"
"20260902","上重田線②小","8651"
"20260902","七条フィーダー線①タ","8652"
"20260902","奥田線②恒","8654"
"20260902","茶屋の原線①香","8753"
"20260902","室住線⑱壱T","8801"
"20260902","野方（都市高速）博多線⑮壱","8803"
"20260902","シーサイドももち線⑲愛","8805"
"20260902","シーサイドももち線(27)愛","8806"
"20260902","金武線⑯武","8807"
"20260902","長住～博多駅線⑪桧T","8808"
"20260902","福岡～長崎線②長","K1245"
"20260902","福岡～長崎線⑳長T","K1246"
"20260902","福岡～長崎線④福","K1261"
"20260902","福岡～長崎線⑤福","K2141"
"20260902","福岡～長崎線③長","K2151"
"20260902","福岡～長崎線⑥福","K2177"
"20260902","福岡～長崎線④長","K2254"
"20260902","福岡～長崎線(21)長T","K2263"
"20260902","福岡～長崎線⑤長","K2264"
"20260902","福岡・福岡空港～湯布院線①井","B695"
"20260902","福岡・福岡空港～湯布院線③井","B832"
"20260902","福岡・福岡空港～佐世保線⑧西T","F410"
"20260902","福岡・福岡空港～佐世保線①西","F417"
"20260902","福岡・福岡空港～佐世保線②西","F634"
"20260902","福岡・福岡空港～湯布院線②井","B1102"
"20260902","福岡・福岡空港～別府線①井","B1132"
"20260902","大野城市循環バス線⑥月","21"
"20260902","福岡・福岡空港～日田線⑩H","421"
"20260902","鳴水（八幡駅）線②幡","2522"
"20260902","大橋～福翔線(22)那","2686"
"20260902","竹末線②香","2745"
"20260902","福岡～熊本線(32)高T","2768"
"20260902","大橋～福翔線(29)那","2778"
"20260902","佐賀～福岡空港線④佐","2905"
"20260902","板付団地線⑧竹","2921"
"20260902","福岡～熊本線(31)高T","2974"
"20260902","佐賀～福岡線⑨佐","1008"
"20260902","タワー（天神）貝塚線⑤塚","1022"
"20260902","脇山線⑫早","1026"
"20260902","三軒屋線①武","1037"
"20260902","空港循環線③宇","1045"
"20260902","小倉～北九州空港線⑤北","1079"
"20260902","福岡～熊本線⑫高","1080"
"20260902","福岡～熊本線(33)高T","1169"
"20260902","甘木（都市高速）博多駅線⑤甘","1172"
"20260902","佐賀～福岡線⑩佐","1247"
"20260902","金武線⑭武","1270"
"20260902","福重（都市高速）線⑥壱","1344"
"20260902","荒江線⑤早","1448"
"20260902","シーサイドももち線(21)愛","1452"
"20260902","アイランドシティ～千早線⑧ア","1911"
"20260902","長住～天神線⑩桧","1919"
"20260902","アイランドシティ～千早線⑦ア","1924"
"20260902","金武（城南）博多駅線⑥武","4604"
"20260902","みどりヶ丘線(25)土","3634"
"20260902","志賀島線⑫ア","3643"
"20260902","博多駅～西新線②塚","4841"
"20260902","福岡～熊本線⑧高","4879"
"20260902","諸岡線①桧","4929"
"20260902","金武線⑤塚","4938"
"20260902","油山（快速）博多駅線⑩片","4939"
"20260902","福岡～大分線⑧高T","3045"
"20260902","福岡～宮崎線⑫高T","3137"
"20260902","福岡～熊本線⑨高","3152"
"20260902","福岡～小倉線(26)北T","3203"
"20260902","三軒屋線⑪武","3205"
"20260902","小倉～北九州空港線⑥北","3286"
"20260902","金武線②武","3423"
"20260902","桧原（城南）博多駅線⑩桧","3426"
"20260902","福岡～宮崎線⑬高T","3440"
"20260902","福岡～鹿児島線⑤高T","3443"
"20260902","野間快速線⑤柏","3708"
"20260902","篠栗線（篠）⑤土","5843"
"20260902","大橋～福翔線(30)那","9030"
"20260902","春日原線⑤那","9078"
"20260902","板付線①竹","9085"
"20260902","篠栗線（篠）⑥土","9216"
"20260902","小倉（中原）戸畑線⑨戸","9225"
"20260902","昭代（城南）博多駅線③塚","9286"
"20260902","荒江線⑨早","9296"
"20260902","福島線(21)八T","9305"
"20260902","久留米市内線⑦御","9308"
"20260902","小笹～天神線③片","9310"
"20260902","グリーンランド線①牟","9325"
"20260902","小倉 - 黒崎・折尾線⑬幡","9414"
"20260902","久留米市内線⑧御","9431"
"20260902","シーサイドももち線(35)愛T","9481"
"20260902","金武線④壱","9487"
"20260902","久留米市内線⑩御","9666"
"20260902","香椎線④ア","9678"
"20260902","屋形原線(32)那","9680"
"20260902","新八田線⑤土","9817"
"20260902","多々良・八田線(22)土T","9865"
"20260902","大橋～福翔線(43)那T","9886"
"20260902","諸岡線⑫竹","5928"
"20260902","屋形原線(33)那","5940"
"20260902","姪浜フィーダー線⑨壱","5967"
"20260902","坂瀬線⑫宇T","5987"
"20260902","大橋～福翔線(39)那T","5989"
"20260902","諸岡線(21)竹","6161"
"20260902","福重（都市高速）線(22)壱","6163"
"20260902","多々良・八田線⑯土","6166"
"20260902","板付線⑨竹T","6178"
"20260902","室住線⑦壱","6191"
"20260902","ららぽーと～大橋竹下線④竹","6201"
"20260902","黒崎・戸畑 - 砂津線⑤小","6221"
"20260902","福大病院（外環状）線③片T","6237"
"20260902","江見線①佐","8003"
"20260902","朽網～北九州空港線④弥","8009"
"20260902","福岡・福岡空港～湯布院線①高","8529"
"20260902","福岡・福岡空港～湯布院線②高","7612"
"20260902","小笹・小笹団地線③桧","7732"
"20260902","姪浜フィーダー線⑩壱","7815"
"20260902","大橋～福翔線(28)那","8029"
"20260902","行橋～福岡線⑦行","8130"
"20260902","福岡～小倉線(27)北T","8218"
"20260902","金武線⑮武","8231"
"20260902","大谷（大蔵）線②戸","8556"
"20260902","七条フィーダー線②タ","8653"
"20260902","油山線⑱片","8810"
"20260902","福岡～長崎線⑦福","K1172"
"20260902","福岡～長崎線(24)長T","K1173"
"20260902","福岡～長崎線(27)長T","K1175"
"20260902","福岡～長崎線(25)長T","K1193"
"20260902","福岡～長崎線⑥長","K1231"
"20260902","福岡～長崎線(23)長T","K1232"
"20260902","福岡～長崎線(29)長T","K1253"
"20260902","福岡～長崎線⑧福","K1255"
"20260902","福岡～長崎線(22)長T","K2152"
"20260902","福岡～長崎線(26)長T","K2195"
"20260902","福岡～長崎線⑦長","K2202"
"20260902","福岡～長崎線⑱福T","K2241"
"20260902","福岡・福岡空港～湯布院線④井","B674"
"20260902","福岡・福岡空港～湯布院線⑤井","B800"
"20260902","福岡・福岡空港～別府線③井","B996"
"20260902","福岡・福岡空港～佐世保線③西","F605"
"20260902","福岡・福岡空港～佐世保線④西","F635"
"20260902","福岡・福岡空港～佐世保線⑨西T","F649"
