“Я‡@,“Я‡A,“Я‡B,“Я‡C,“Я‡D,ѓA‡E,ѓA‡F,ѓA‡G,€¤‡H,€¤‡I,€¤‡J,Ќ‚‡K,Ќ‚‡L,’|‡M
894151-001,363117-001,894151-002,894151-003,894151-004,282189-001,293164-001,293159-001,157196-001,157196-002,154179-001,894236-001,894242-001,141101-011
777201-001,777201-002,777101-001,777201-005,777101-005,777101-003,777101-004,777101-006,777201-003,777201-006,777201-004,894142-001,894142-003,777101-002
777201-007,777201-008,777101-007,777101-011,777201-015,777201-010,777201-012,777201-013,777201-009,777201-014,777101-009,894236-005,894236-006,777101-008
777101-012,777101-013,777201-016,777201-019,777101-021,777101-017,777201-020,777101-018,777201-018,777201-021,777101-015,894136-003,894136-004,777101-014
777101-019,777101-020,777201-024,777101-025,777201-029,777101-024,777201-028,777201-027,777101-023,777101-027,777201-022,777201-011,777101-010,777201-023
777201-026,777101-026,777101-029,777201-034,777201-036,777201-032,777201-035,777101-032,777201-031,777101-033,777101-028,777101-016,777201-017,777201-030
777101-031,777201-033,777101-035,777101-038,777101-040,777201-039,777201-040,777101-037,777101-036,777101-039,777101-034,777201-025,777101-022,777201-037
777201-038,363217-001,363217-002,,,293260-001,,777201-043,,,777201-041,777101-030,894236-017,777201-042
,,,,,,,293260-002,,,,894236-022,894129-026,
,,,,,,,,,,,894136-018,894229-030,
,,,,,,,,,,,,894136-019,
